"SuperLuminate","Business","Glossary","Data Warehouse","Aggregates",1,,"Pre-calculated and pre-stored summaries that are stored in the data warehouse to improve query performance.",,
"SuperLuminate","Business","Glossary","Data Warehouse","AJAX",1,,"AJAX (Asynchronous JavaScript + XML)",,
"SuperLuminate","Business","Glossary","Data Warehouse","Alert",1,,"A notice message which is generated based on a user specified condition on a metric in a report or dashboard. It may also be a notice that a particular report or indicator has been refreshed.",,
"SuperLuminate","Business","Glossary","Data Warehouse","Analytic Reports",1,,"Analytic reports are used primarily for making key business decisions. Examples of analytic processing include trend analysis and period-to-period comparisons.",,
"SuperLuminate","Business","Glossary","Data Warehouse","Answer Set",1,,"The set of rows returned to the end user as a result of a SQL expression presented to a relational DBMS.",,
"SuperLuminate","Business","Glossary","Data Warehouse","ASP",1,,"Application Service Provider (provider of outsourced web application like SalesForce.com)",,
"SuperLuminate","Business","Glossary","Data Warehouse","Attribute",1,,"A column in a dimension table.    Examples of attributes are customer name, address, city, zip code, state and country.  These are attributes of customer dimension.",,
"SuperLuminate","Business","Glossary","Data Warehouse","AUP",1,,"Average Unit Price",,
"SuperLuminate","Business","Glossary","Data Warehouse","Back End Tool",1,,"A software application, typically resident on both the client and the server, that assists in the production data extract process.  Compare with front end tool.",,
"SuperLuminate","Business","Glossary","Data Warehouse","BAM",1,,"Business Activity Monitoring",,
"SuperLuminate","Business","Glossary","Data Warehouse","BBB",1,,"Billings, Bookings, and Backlogs",,
"SuperLuminate","Business","Glossary","Data Warehouse","BCA",1,,"Business Objects Broadcast Agent",,
"SuperLuminate","Business","Glossary","Data Warehouse","BPR",1,,"Business Process Re-engineering",,
"SuperLuminate","Business","Glossary","Data Warehouse","BRD",1,,"Business Requirements Document",,
"SuperLuminate","Business","Glossary","Data Warehouse","Browser Query",1,,"A SELECT DISTINCT query on a single dimension table to enumerate the values of an attribute.",,
"SuperLuminate","Business","Glossary","Data Warehouse","Business Intelligence",1,,"A generic term which describes leveraging the organization's internal and external data assets for making better business decisions.  Also known as Decision Support.",,
"SuperLuminate","Business","Glossary","Data Warehouse","CH1",1,,"Swiss bank account for Products",,
"SuperLuminate","Business","Glossary","Data Warehouse","CH2",1,,"Swiss bank account for Services",,
"SuperLuminate","Business","Glossary","Data Warehouse","COGS",1,,"Cost Of Goods Sold",,
"SuperLuminate","Business","Glossary","Data Warehouse","Common Data Interchange",1,,"Business rules and formats",,
"SuperLuminate","Business","Glossary","Data Warehouse","Composite Key",1,,"A key in a database table made up of several fields. Same as concatenated key.",,
"SuperLuminate","Business","Glossary","Data Warehouse","Concatenated Key",1,,"see composite key.",,
"SuperLuminate","Business","Glossary","Data Warehouse","CTO",1,,"Configure To Order",,
"SuperLuminate","Business","Glossary","Data Warehouse","Cube",1,,"A name for a multi-dimensional database, usually referring to the simple case of product, market, and time.",,
"SuperLuminate","Business","Glossary","Data Warehouse","Dashboards",1,,"A dashboard refers to a display area where reports, indicators and shared documents are available for viewing.",,
"SuperLuminate","Business","Glossary","Data Warehouse","Data Extract",1,,"The process of copying data from a legacy system in order to load it into a data warehouse.",,
"SuperLuminate","Business","Glossary","Data Warehouse","Data Format",1,,"The form of the data in the database. Data items can exist in many formats such as text, integer and floating-point decimal.",,
"SuperLuminate","Business","Glossary","Data Warehouse","Data Mart or Datamart",1,,"A collection of specific facts and associated dimensions which help analyze a business' performance and issues A Data Mart (also known as a Subject Area repository) is usually specific to a business department.  Examples of Data Marts are a Marketing Data Mart, Sales Data Mart, and Finance Data Mart.",,
"SuperLuminate","Business","Glossary","Data Warehouse","Data Mining",1,,"An information extraction activity whose goal is to discover hidden facts contained in data. Using a combination of machine learning, statistical analysis, modeling techniques and database technology, data mining finds patterns and subtle relationships in data and infers rules that allow the prediction of future results. Typical applications include market segmentation, customer profiling, fraud detection, evaluation of retail promotions, and credit risk analysis.",,
"SuperLuminate","Business","Glossary","Data Warehouse","Data Warehouse",1,,"A copy of transaction data specifically structured for query and analysis.  A corporate data warehouse could be viewed as a collection of multiple data repositories combined together using common dimensions.",,
"SuperLuminate","Business","Glossary","Data Warehouse","Decision Support",1,,"The activity of using data to make decisions in an organization.",,
"SuperLuminate","Business","Glossary","Data Warehouse","Dimension",1,,"An independent entity in the model of an organization that serves as an entry point or as a mechanism for describing the additive measures of the organization.  Dimensions are mostly the textual contexts surrounding a fact that are true at the moment the fact is recorded. Examples of dimensions are Product, Customer, and Marketing Campaign. Dates are also dimensions.",,
"SuperLuminate","Business","Glossary","Data Warehouse","Dimension Table",1,,"A table in a star join schema with a single part primary key. A dimension table contains columns with descriptive information.",,
"SuperLuminate","Business","Glossary","Data Warehouse","Dimensional Data Warehouse",1,,"A set of databases for decision support designed as star joined schemas.",,
"SuperLuminate","Business","Glossary","Data Warehouse","Discrete",1,,"A data item that has a finite set of values. Discrete is the opposite of continuous.",,
"SuperLuminate","Business","Glossary","Data Warehouse","Drill Across",1,,"The act of requesting data from two or more fact tables in a value chain in a single report.",,
"SuperLuminate","Business","Glossary","Data Warehouse","Drill Down",1,,"The act of adding a row header or replacing a row header in a report to break down the rows of the answer set in a greater detail.",,
"SuperLuminate","Business","Glossary","Data Warehouse","Drill Up",1,,"The act of removing a row header or replacing a row header in a report to group the rows of the answer set in less detail.",,
"SuperLuminate","Business","Glossary","Data Warehouse","EAI",1,,"Enterprise Application Integration -- often rely on Web Services to transform data for a single transaction from one format to another.",,
"SuperLuminate","Business","Glossary","Data Warehouse","EAS",1,,"Enterprise Application Services",,
"SuperLuminate","Business","Glossary","Data Warehouse","EIS",1,,"This acronym stands for Executive Information System.  A high level presentation BI tool that uses dashboards, traffic lighting, and other exception management techniques for knowledge distribution.",,
"SuperLuminate","Business","Glossary","Data Warehouse","ERD",1,,"Entity Relationship Diagram",,
"SuperLuminate","Business","Glossary","Data Warehouse","ETL",1,,"This acronym stands for Extraction, Transformation, and Load. A technical term used to describe the back end work to gather and load data into a data warehouse.",,
"SuperLuminate","Business","Glossary","Data Warehouse","External Data",1,,"Data not collected by the organization, such as data available from a reference book, a government source or a proprietary database, that is loaded into the data warehouse.",,
"SuperLuminate","Business","Glossary","Data Warehouse","Fact",1,,"A measurement, typically numeric and additive, that is stored in a fact table.  Examples of facts are booking, invoice, and forecast.",,
"SuperLuminate","Business","Glossary","Data Warehouse","Fact Table",1,,"The central table in a star join schema, characterized by a composite key, containing numeric measurments and foreign keys drawn from dimension tables.",,
"SuperLuminate","Business","Glossary","Data Warehouse","FC",1,,"Forecast",,
"SuperLuminate","Business","Glossary","Data Warehouse","Filter (On Fact Records)",1,,"A type of application constraint that constrains on the numeric values of one or more facts.",,
"SuperLuminate","Business","Glossary","Data Warehouse","Front End Tool",1,,"A client tool that fetches or manipulates data stored on a relational database.  Compare with back end tool.",,
"SuperLuminate","Business","Glossary","Data Warehouse","GUI",1,,"This acronym stands for Graphical User Interface.  A style of computer interface characterized by windows, icons, graphics and the use of a mouse pointing device.",,
"SuperLuminate","Business","Glossary","Data Warehouse","Hierarchy",1,,"Hierarchy refers to a business organization or structure. For instance a sales region hierarchy may represent Region, Country, State, City, etc. Each of these segments is referred to as Levels. A single dimension table can have multiple hierarchies depending on user requirements. Each of these hierarchies can have different levels.",,
"SuperLuminate","Business","Glossary","Data Warehouse","HTTP",1,,"Hyper Text Transfer Protocol (HTTP), the actual communications protocol that enables Web browsing",,
"SuperLuminate","Business","Glossary","Data Warehouse","HW",1,,"Hardware",,
"SuperLuminate","Business","Glossary","Data Warehouse","Indicators",1,,"In PowerAnalyzer, Indicators are used to display key metric values in a dashboard.  PowerAnalyzer three different kinds of indicators: Chart, Table and Gauge.",,
"SuperLuminate","Business","Glossary","Data Warehouse","ISO",1,,"Internal Sales Order",,
"SuperLuminate","Business","Glossary","Data Warehouse","Legacy System",1,,"An operational system for entering data about a company's operations.  May not be a transaction system or a relational system. Usually resides on a mainframe computer.",,
"SuperLuminate","Business","Glossary","Data Warehouse","Many-To-Many Relationship",1,,"A logical data relationship in which the value of one data element can exist in combination with many values of another data element, and vice versa.",,
"SuperLuminate","Business","Glossary","Data Warehouse","Metadata",1,,"Any data maintained to support the operations or use of a data warehouse.  Nearly all back end tools and front end tools require some private metadata in the form of specifications or status.  Often the metadata is outside the relational database.  There are no coherent standards for metadata.  Distinguished from the primary data in the dimension tables and fact tables.",,
"SuperLuminate","Business","Glossary","Data Warehouse","Metrics",1,,"Metrics denote a measurement. Analysis of a business process involves measurement of its performance. Metrics are the factors used to evaluate a business process. Sales volume, discounts, number of customers, inventory balance and purchase receipts are some of the examples of metrics. Metrics are always numeric values. Part of fact table.  Examples of metrics/measures that make up facts are Price and Booking Amount.",,
"SuperLuminate","Business","Glossary","Data Warehouse","MRD",1,,"Marketing Requirements Document",,
"SuperLuminate","Business","Glossary","Data Warehouse","MTO",1,,"Manufacture To Order",,
"SuperLuminate","Business","Glossary","Data Warehouse","NCS",1,,"Network Control Services",,
"SuperLuminate","Business","Glossary","Data Warehouse","ODBC",1,,"Open Database Connectivity (ODBC) provides a standard software API method for using database management systems (DBMS).",,
"SuperLuminate","Business","Glossary","Data Warehouse","OLAP",1,,"This acronym stands for Online Analytic Processing.  A term meant to contrast with OLTP.  OLAP is a loosely defined list of principles that provide a dimensional framework for decision support.  The term OLAP also is used to define a confederation of vendors who offer non relational, proprietary products aimed at decision support.",,
"SuperLuminate","Business","Glossary","Data Warehouse","OLKM",1,,"This acronym stands for Online Knowledge Management.  A system that allows the organization, management, and presentation of enterprise knowledge.",,
"SuperLuminate","Business","Glossary","Data Warehouse","OLTP",1,,"This acronym stands for Online Transaction Processing.  The original description for all the activities and systems associated with entering data reliably into a database.  Most frequently used with reference to relational databases, although OLTP can be used generically to describe any transaction processing environment.",,
"SuperLuminate","Business","Glossary","Data Warehouse","One-To-Many Relationship",1,,"A logical data relationship in which the value of one data element can exist in combination with many values of another data element, but not vice versa.",,
"SuperLuminate","Business","Glossary","Data Warehouse","PDM",1,,"Product Data Master",,
"SuperLuminate","Business","Glossary","Data Warehouse","Pivoting",1,,"Changing the arrangement of the rows and columns in a tabular report, where frequently the row or column headings are derived from distinct values in the data itself.",,
"SuperLuminate","Business","Glossary","Data Warehouse","PN",1,,"Part Number",,
"SuperLuminate","Business","Glossary","Data Warehouse","POR",1,,"Plan Of Record defines the implementation plan for a Product Requirements Document (PRD)",,
"SuperLuminate","Business","Glossary","Data Warehouse","PRD",1,,"Product Requirements Document developed in response to an Marketing Requirements Document (MED)",,
"SuperLuminate","Business","Glossary","Data Warehouse","Primary Key",1,,"A field in a database table that is uniquely different for each record in the table.",,
"SuperLuminate","Business","Glossary","Data Warehouse","Production Data Extract",1,,"A snapshot taken of production data and stored in a data repository at a given period of time.",,
"SuperLuminate","Business","Glossary","Data Warehouse","Pull Down List",1,,"A user interface effect in a front end tool that displays a list of options for the user.",,
"SuperLuminate","Business","Glossary","Data Warehouse","QAD Code",1,,"QAD code is a legacy code for parts from the system before the Oracle ERP system was installed.",,
"SuperLuminate","Business","Glossary","Data Warehouse","RDBMS",1,,"This acronym stands for Relational Database Management System.  A system that provides for storage, management and retrieval of data using relational schemas.  Oracle is an example.",,
"SuperLuminate","Business","Glossary","Data Warehouse","Report Generator",1,,"A BI tool that allows easy building of reports primarily designed for printing in a structured format.",,
"SuperLuminate","Business","Glossary","Data Warehouse","Reports",1,,"In PowerAnalyzer, report is a collection of metrics and attributes formatted for viewing through a browser.  This is a change from the typical idea of reports as printed layouts.",,
"SuperLuminate","Business","Glossary","Data Warehouse","Repository",1,,"A collection of data for a specified purpose in a formalized table or database. Also known as a data store.",,
"SuperLuminate","Business","Glossary","Data Warehouse","RFE",1,,"Request For Enhancement",,
"SuperLuminate","Business","Glossary","Data Warehouse","ROF",1,,"Report Of Findings -- Document developed as a response to a BRD.",,
"SuperLuminate","Business","Glossary","Data Warehouse","RSB",1,,"Roadmap Steering Board -- replaced by SRB",,
"SuperLuminate","Business","Glossary","Data Warehouse","SaaS",1,,"Software as a Service (ASP Model)",,
"SuperLuminate","Business","Glossary","Data Warehouse","Slice And Dice",1,,"The standard description of the ability to access a data warehouse through any of its dimensions equally.",,
"SuperLuminate","Business","Glossary","Data Warehouse","SME",1,,"Subject Matter Expert",,
"SuperLuminate","Business","Glossary","Data Warehouse","SMTD",1,,"Software maintenance technical Document",,
"SuperLuminate","Business","Glossary","Data Warehouse","SO",1,,"Sales Order",,
"SuperLuminate","Business","Glossary","Data Warehouse","SOA",1,,"Service Oriented Architecture -- Organizations can use a service oriented architecture to incorporates enterprise-class data transformation and integration services to address complex data integration requirements such as data synchronization and information hubs. SOAs are an evolution from traditional tightly coupled integrations to loosely coupled ones that allow organizations to leverage technology resources as services. New SOAs based on Web Services technologies are addressing the problems of older systems through support for widely accepted standard protocols and data formats. Early examples of SOA technologies include CORBA and DCOM; however, these technologies were never widely adopted because of their close ties to implementation.",,
"SuperLuminate","Business","Glossary","Data Warehouse","SOAP",1,,"Simple Object Access Protocol -- defines the envelope for services and various rules for describing content, and is the preferred protocol for exchanging Web Services.",,
"SuperLuminate","Business","Glossary","Data Warehouse","SOX",1,,"Sarbanes-Oxley Act",,
"SuperLuminate","Business","Glossary","Data Warehouse","SQL",1,,"This acronym stands for Standard Query Language.  The standard language for accessing relational databases.",,
"SuperLuminate","Business","Glossary","Data Warehouse","SRB",1,,"Segment Review Board -- replaced RSB -- 4 to 5 VPs making investment decisions and setting internal directions",,
"SuperLuminate","Business","Glossary","Data Warehouse","Tactical Reports",1,,"A set of reports which are at the detailed transaction level and are used for day to day business operations.  Usually generated from the OLTP systems.  Also known as operational reports.",,
"SuperLuminate","Business","Glossary","Data Warehouse","TCO",1,,"Total Cost of Ownership",,
"SuperLuminate","Business","Glossary","Data Warehouse","Time Series",1,,"A series of measurements taken at consecutive points in time",,
"SuperLuminate","Business","Glossary","Data Warehouse","Transformation",1,,"A re-expression of the data such as aggregating it, normalizing it, changing its unit of measure, or taking the logarithm of each data item.",,
"SuperLuminate","Business","Glossary","Data Warehouse","UDDI",1,,"Universal Description, Discovery, and Integration -- for creating a directory of Web Services available over the Internet",,
"SuperLuminate","Business","Glossary","Data Warehouse","UDS",1,,"Universal Data Services -- The Informatica UDS architecture provide a complete service-oriented architecture that includes a wide range of data integration services. UDS is a foundation technology that underlies Informatica products to deliver immediate, accurate, and understandable information from a myriad of complex sources. UDS reduces the complexity across systems, processes, and resources, providing faster time to value for a broad range of data-centric projects, such as data migration, synchronization, hubs, warehousing, and Business Activity Monitoring.",,
"SuperLuminate","Business","Glossary","Data Warehouse","Visualization",1,,"Visualization tools graphically display data to facilitate better understanding of its meaning. Graphical capabilities range from simple scatter plots to complex multi-dimensional representations.",,
"SuperLuminate","Business","Glossary","Data Warehouse","VPL",1,,"Virtual Profit and Loss",,
"SuperLuminate","Business","Glossary","Data Warehouse","Web Services",1,,"Web Services is used to standardize the interactions between service providers and consumers, Web services can interact with each other without requiring the same implementation language or model, deployment location, or platform. The consumer does not have to know or care about how the service has been implemented, as long as the provider accepts a standard format and returns the result in a standard format. Developers can quickly and easily provide service-enabled application functionality by applying a thin veneer of code without changing the underlying application.",,
"SuperLuminate","Business","Glossary","Data Warehouse","WebI",1,,"Business Objects -- Tomcat application server with thick client",,
"SuperLuminate","Business","Glossary","Data Warehouse","WSDL",1,,"Web Services Definition Language -- A Web Services standard for describing available Web services",,
"SuperLuminate","Business","Glossary","Data Warehouse","XML",1,,"eXtensible Markup Language -- A Web Services standard",,
"SuperLuminate","Business","Glossary","Data Warehouse","XML-RPC",1,,"XML-RPC is a specification and a set of implementations that allow software running on disparate operating systems, running in different environments to make procedure calls over the Internet. It's remote procedure calling using HTTP as the transport and XML as the encoding. ",,
"SuperLuminate","Business","Glossary","Data Warehouse","ZABO",1,,"Business Objects -- Thin Client",,
"SuperLuminate","Business","Glossary","Finance","Account",1,,"see Natural Account.",,
"SuperLuminate","Business","Glossary","Finance","Account Type",1,,"The financial classification of a particular account. For example: Cash account has an account type of Assets, Airfare has an account type of Expense. Account types Assets, Liabilities, and Equity appear on the Balance Sheet; the others appear on the Profit & Loss Statement.",,
"SuperLuminate","Business","Glossary","Finance","Actual Head Count",1,,"The number of current employees. This number is derived from the Oracle HR module and posted to the general ledger using the statistical HEADS account. The Data Warehouse contains the general ledger data and uses it for reporting. This number does not include contractors. See Total Head Count.",,
"SuperLuminate","Business","Glossary","Finance","Allocation",1,,"Process of charging a cost or revenue to a number of business units, products, etc. Allocations can be considered direct if charged above the operating income line and are considered the receiving group's responsibility to manage. Indirect allocations are shown below the operating income line and are considered outside of the receiving group's direct control. The indirect allocations are intended to show the business unit as it would be depicted if it were a stand-alone company.",,
"SuperLuminate","Business","Glossary","Finance","Approved Amount",1,,"The amount agreed by management that may be spent on a business case.",,
"SuperLuminate","Business","Glossary","Finance","Approved Head Count",1,,"Request for additional or replacement head count that has been approved by all appropriate managers. The Data Warehouse gets information about approved head count from Webhire. In phase 1, that information is supplied monthly at the end of each month.",,
"SuperLuminate","Business","Glossary","Finance","Available Amount",1,,"The amount of planned capital spending that has not yet been approved for specific business cases.",,
"SuperLuminate","Business","Glossary","Finance","Bookings",1,,"Gross sales of products or services.",,
"SuperLuminate","Business","Glossary","Finance","Budget",1,,"This term is used in Oracle financials for any projection of financial results. Budget is not used except in reference to Oracle; see Forecast and Plan.",,
"SuperLuminate","Business","Glossary","Finance","Business Case",1,,"A sub-unit of a program (e.g., physical upgrade of data center). A business cases may be made up of a single project or several smaller but similar projects.",,
"SuperLuminate","Business","Glossary","Finance","Business Unit",1,,"Business unit is a segment of the charge number and represents the organizational structure used for internal reporting and SEC segment reporting. There are multiple reporting levels (parents/children) within this charge code segment.",,
"SuperLuminate","Business","Glossary","Finance","Capex",1,,"Capital Expenses",,
"SuperLuminate","Business","Glossary","Finance","Capital Coordinator",1,,"A business unit's point of contact for all capital management process related matters. The Capital Coordinator is responsible for coordinating all capital requests in their organization and serving as the capital management process interface with Corporate Finance. Capital Coordinators are located within the FP&A groups and have a dotted line reporting relationship to the comptroller.",,
"SuperLuminate","Business","Glossary","Finance","Capital Planning Business Units",1,,"For purposes of the FY03 capital management process, a capital planning business unit is a group within the organization that has capital budget accountability.",,
"SuperLuminate","Business","Glossary","Finance","Charge Number",1,,"A Charge number is the concatenation of seven segments, separated by periods. The 7 segments, in order, are: company, business unit, department, natural account, product, intercompany, and future use. A sample charge number looks like this: 011.9000.5004.725010.0000.000.000000. A charge number is applied to every financial transaction and is used to identify the correct classification for financial reporting. Note: the future use segment currently defaults to all zeroes. The listing of all valid charge numbers is called the Chart of Accounts. Charge number is sometimes referred to as account or as charge code.",,
"SuperLuminate","Business","Glossary","Finance","Chart of Accounts",1,,"The listing of all charge number segments and their descriptions. The chart may also contain parents, thereby describing the hierarchy for each segment",,
"SuperLuminate","Business","Glossary","Finance","Committed Amount",1,,"The amount of capital expenditures that have been requested or ordered but not yet received. Open purchase requisitions (PRs) and purchase orders (POs) together make up the committed amount. If a PR or PO is cancelled, the amount is deducted from the committed amount.",,
"SuperLuminate","Business","Glossary","Finance","Company",1,,"A segment of the charge number and represents the legal entity being charged. Examples are: 011-Microsoft, Inc.",,
"SuperLuminate","Business","Glossary","Finance","Cost Center",1,,"A Cost center is a subset of the entire charge number and concatenates 4 of the 7 segments. The cost center segments are: company, business unit, department, and product. The cost center is used to home employees in HR and is also used to simplify some online templates, like the Helpdesk.",,
"SuperLuminate","Business","Glossary","Finance","Cost of Revenues",1,,"Costs related to providing the goods or services driving revenue recognition. In other companies, this is sometimes referred to as Cost of Goods Sold.",,
"SuperLuminate","Business","Glossary","Finance","Cost Type",1,,"The reporting classification of expenses. For example: Salary expenses related to marketing employees would have a cost type of S&M (sales and marketing). Salary expenses related to accounts receivable employees would have a cost type of G&A (general and administrative). For most expense accounts, the value of the Department segment determines the cost type; however, some natural accounts have a specific cost type regardless of Department.",,
"SuperLuminate","Business","Glossary","Finance","Deferred Revenue",1,,"Revenue to be recognized in a future period. It is computed as bookings minus recognized revenue.",,
"SuperLuminate","Business","Glossary","Finance","Department",1,,"A segment of the charge number and represents the functional classification being charged. Examples are: Engineering, Customer Service, Marketing, Finance, and Legal.",,
"SuperLuminate","Business","Glossary","Finance","Forecast",1,,"A quarterly projection or estimate of future revenue, earnings, and head count. After the annual financial plan is finalized, a forecast is developed in each subsequent quarter to update the projection based on new information. Each forecast covers the next twelve months, so these are sometimes referred to as rolling forecasts and reforecasts. The annual plan and the forecasts are stored in Oracle as budgets.",,
"SuperLuminate","Business","Glossary","Finance","Funded Amount",1,,"The total approved capital amount, usually stated in reference to a business unit or a program/priority area.",,
"SuperLuminate","Business","Glossary","Finance","Funding",1,,"A commitment of capital dollars for the life of a program, assuming that program goals remain intact.",,
"SuperLuminate","Business","Glossary","Finance","Gross Profit",1,,"Revenues less cost of revenues. Also called gross margin when expressed as a percentage of revenues.",,
"SuperLuminate","Business","Glossary","Finance","Intercompany",1,,"A segment of the charge number used to track all financial transactions across multiple legal entities (or companies). Upon consolidation, all intercompany accounts must total zero.",,
"SuperLuminate","Business","Glossary","Finance","Natural Account",1,,"A segment of the charge number that determines what type of item was charged. Examples are: cash, amount payable, accrued expenses, airfare, salaries, training, advertising, registry fees, etc.",,
"SuperLuminate","Business","Glossary","Finance","Net Revenues",1,,"Revenues less returns and allowances.",,
"SuperLuminate","Business","Glossary","Finance","Operating Expenses",1,,"Costs associated with the selling and administrative activities of the company.",,
"SuperLuminate","Business","Glossary","Finance","Operating Income",1,,"Operating Income is defined as Net Sales less Operating Expenses (cost of goods sold, general & administrative expenses, sales & marketing expenses, research & development expenses, depreciation of property, plant & equipment and any recurring non-financing expenses associated with a company’s ongoing operations, (excluding interest payments, taxes & amortization of goodwill).",,
"SuperLuminate","Business","Glossary","Finance","Operating Income (Loss)",1,,"Revenues less cost of revenues and related operating expenses applying to the normal business activities of the company.",,
"SuperLuminate","Business","Glossary","Finance","Operating Margin",1,,"Operating Margin is defined as Operating Income divided by Net Sales, expressed as a percentage.  Operating Margin is a measure of the Company's ability to operate efficiently. The higher the operating margin, the better. It is used by the Company because it is a meaningful measure of how well management control expenses, and it is commonly used by the investment community to analyze and compare companies in the sectors in which the Company is engaged. It also facilitates year-over-year comparison of results, since operating margin excludes, among other things, unusual items that are not readily comparable from year to year.",,
"SuperLuminate","Business","Glossary","Finance","Opex",1,,"Operating Expenses",,
"SuperLuminate","Business","Glossary","Finance","Plan",1,,"The formal annual projection of future revenue, costs, and head count. The annual financial plan is reviewed and approved by the Board of Directors. Once the annual plan is approved. The company typically develops periodic forecasts to adjust for changes (see Forecast). The annual plan and the forecasts are stored in Oracle as budgets.",,
"SuperLuminate","Business","Glossary","Finance","Planned Amount",1,,"An annual projection of capital spending that has been approved by management. It is broken down by business unit and program/priority area.",,
"SuperLuminate","Business","Glossary","Finance","Product",1,,"The product segment of the charge number represents all products and services sold by the company.",,
"SuperLuminate","Business","Glossary","Finance","Product Line",1,,"Group of products or services that have a defined relationship because of physical and production similarities.",,
"SuperLuminate","Business","Glossary","Finance","Program Sponsor",1,,"Each program will have a designated sponsor. The sponsor is responsible for ensuring that the business cases receiving program funding are executed as planned and taking corrective action if the program's performance goals are in jeopardy. The program sponsor is responsible for providing quarterly updates to Corporate Finance on (1) program milestones at risk, (2) explanations of significant budget variances and (3) forecasted expenditures to program completion.",,
"SuperLuminate","Business","Glossary","Finance","Program/Priority Area",1,,"Programs are capital investment spending categories that link to the business priorities outlined in the corporate capital plan. Capital is allocated to the business units at the program level. Once a program has been approved, the business unit has the authority to allocate the program capital to business cases best suited to fulfill the program's goals and objectives. There are four priorities and roughly 15 programs.",,
"SuperLuminate","Business","Glossary","Finance","Project Manager",1,,"Each business case will have a designated project manager. The project manager is responsible for the day-to-day implementation of the project defined in the business case, including making sure that expenditures made against the business case are accurate and appropriate. The project manager is also responsible for providing quarterly updates to the Program Sponsor on (1) project milestones at risk, (2) explanations of significant budget variances and (3) forecasted expenditures to project completion.",,
"SuperLuminate","Business","Glossary","Finance","Reforecast",1,,"see Forecast.",,
"SuperLuminate","Business","Glossary","Finance","Revenue Recognition (Revenues)",1,,"Process of recording revenue in the accounting period, after determining whether or not income has met the conditions of being earned and realized, or is realizable. In the period of revenue recognition, related expenses should be matched to revenue. Revenue is recognized at the time it is received or over the period it is incurred.",,
"SuperLuminate","Business","Glossary","Finance","Spent Amount",1,,"Received capital items, which may be in process (CIP), in service, or uninvoiced.",,
"SuperLuminate","Business","Glossary","Finance","Total Head Count",1,,"The sum of actual head count and approved head count.",,
"SuperLuminate","Business","Glossary","SFDC","Account",1,,"Organization or company a user wants to track in SalesForce, for example, a customer, partner, or competitor.",,
"SuperLuminate","Business","Glossary","SFDC","Account (Table)",1,,"Represents an individual account, which is an organization involved with your business (such as customers, competitors, and partners).",,
"SuperLuminate","Business","Glossary","SFDC","Account Team",1,,"An account team is a team of users that work together on an account. For example, an account team may include an executive sponsor, dedicated support representative, or project manager.",,
"SuperLuminate","Business","Glossary","SFDC","AccountContactRole (Table)",1,,"Represents the role that a given Contact plays on an Account.",,
"SuperLuminate","Business","Glossary","SFDC","AccountShare (Table)",1,,"Represents a sharing entry on an Account.",,
"SuperLuminate","Business","Glossary","SFDC","AccountTeamMember (Table)",1,,"Represents a User who is a member of an Account team.",,
"SuperLuminate","Business","Glossary","SFDC","Active",1,,"Checkbox option that specifies the status of a user. An active user can log in and use the features of the service. An inactive user no longer has access to log in.",,
"SuperLuminate","Business","Glossary","SFDC","Active Currency",1,,"(Multi-Currency Organizations Only) The currencies in which the organization does business. Only active currencies can be entered in opportunities, forecasts, and other items.",,
"SuperLuminate","Business","Glossary","SFDC","Active Users",1,,"Information displayed in company information that indicates the number of active users for your organization.",,
"SuperLuminate","Business","Glossary","SFDC","Activity (Calendar Events/Tasks)",1,,"Planned task or event, optionally related to accounts, contacts, leads, opportunities, or cases.",,
"SuperLuminate","Business","Glossary","SFDC","Activity History",1,,"Related list of account, contact, lead, opportunity, or case detail page that displays completed tasks, logged phone calls, expired events, outbound emails, and merged documents for the record and its associated records.",,
"SuperLuminate","Business","Glossary","SFDC","Administrator (System Administrator)",1,,"One or more individuals in your organization who can configure and customize SalesForce. Users assigned to the System Administrator profile have administrator privileges.",,
"SuperLuminate","Business","Glossary","SFDC","Age",1,,"In opportunity reports, the Age of an open opportunity is the number of days since the opportunity was created. For closed opportunities, Age is the number of days between the creation date and the closed date. In case reports, the Age of an open case is the elapsed time from creation to the present. The Age of a closed case is the elapsed time from creation to the closing time of the case. You can choose to view the Age of a case in days, hours, or minutes.",,
"SuperLuminate","Business","Glossary","SFDC","Alias",1,,"Name that provides an alternate reference to an individual username. Used in displays when the username is too long.",,
"SuperLuminate","Business","Glossary","SFDC","Annuity",1,,"See Schedule.",,
"SuperLuminate","Business","Glossary","SFDC","Approval (Table)",1,,"Represents an approval request for a Contract.",,
"SuperLuminate","Business","Glossary","SFDC","Asset",1,,"A specific model or type of product that a customer owns. Depending on how your organization uses assets, they can represent your products that the customer has purchased and installed or your competitor's products that the customer uses.",,
"SuperLuminate","Business","Glossary","SFDC","Asset (Table)",1,,"Represents an asset (such as product previously sold and installed) owned by an Account or Contact.",,
"SuperLuminate","Business","Glossary","SFDC","AssignmentRule (Table)",1,,"Represents an assignment rule associated with a Case or Lead.",,
"SuperLuminate","Business","Glossary","SFDC","Attachment (Table)",1,,"Represents a file that a User has uploaded and attached to a parent object.",,
"SuperLuminate","Business","Glossary","SFDC","Auto Number",1,,"A custom field type that automatically adds a unique sequential number to each record. These fields are read only.",,
"SuperLuminate","Business","Glossary","SFDC","Best Case Amount",1,,"Revenue projection in a forecast that identifies total 'possible' revenue for a specific month or quarter. For managers, this should equal the total amount of revenue they and their entire team might possibly generate.",,
"SuperLuminate","Business","Glossary","SFDC","Bookmarks",1,,"See Useful Links.",,
"SuperLuminate","Business","Glossary","SFDC","Boolean Operators",1,,"You can use Boolean operators in report filters to specify the logical relationship between two values. For example, the 'AND' operator between two values yields search results that include both values. Likewise, the 'OR' operator between two values yields search results that include either value. See Entering Filter Criteria for instructions on using 'AND' and 'OR' operators in report filters.",,
"SuperLuminate","Business","Glossary","SFDC","Briefcase",1,,"The set of data that you can manage offline using Offline Edition.",,
"SuperLuminate","Business","Glossary","SFDC","BusinessProcess (Table)",1,,"Represents a business process.",,
"SuperLuminate","Business","Glossary","SFDC","Campaign",1,,"A marketing initiative, such as an advertisement, direct mail, or conference, that you conduct in order to generate prospects and build brand awareness.",,
"SuperLuminate","Business","Glossary","SFDC","Campaign (Table)",1,,"Represents and tracks a marketing campaign, such as a direct mail promotion, webinar, or trade show.",,
"SuperLuminate","Business","Glossary","SFDC","Campaign Member",1,,"Any lead or contact associated with a campaign.",,
"SuperLuminate","Business","Glossary","SFDC","Campaign ROI (Return On Investment)",1,,"The campaign ROI is the return on your marketing investment. Use the Campaign ROI Analysis Report to analyze the ROI. The ROI is calculated as the net gain (Total Value Won Opportunities - Actual Cost) divided by the Actual Cost. The ROI result is expressed as a percentage.",,
"SuperLuminate","Business","Glossary","SFDC","CampaignMember (Table)",1,,"Represents the association between a Campaign and either a Lead or Contact.",,
"SuperLuminate","Business","Glossary","SFDC","Case",1,,"Detailed description of a customer's feedback, problem, or question. Used to track and solve your customers' issues.",,
"SuperLuminate","Business","Glossary","SFDC","Case (Table)",1,,"Represents a case, which is a customer issue such as a customer's feedback, problem, or question.",,
"SuperLuminate","Business","Glossary","SFDC","Case Capture (Web-to-Case)",1,,"Functionality that lets you gather customer support issues and feedback on your company's website and then generate cases using that data.",,
"SuperLuminate","Business","Glossary","SFDC","CaseComment (Table)",1,,"Represents a comment that provides additional information about the associated Case.",,
"SuperLuminate","Business","Glossary","SFDC","CaseHistory (Table)",1,,"Represents historical information about changes that have been made to the associated Case.",,
"SuperLuminate","Business","Glossary","SFDC","CaseSolution (Table)",1,,"Represents the association between a particular Case and a particular Solution.",,
"SuperLuminate","Business","Glossary","SFDC","CaseStatus (Table)",1,,"Represents the status of a Case, such as New, On hold, In Process, and so on.",,
"SuperLuminate","Business","Glossary","SFDC","Category",1,,"A label you can apply to a solution to group similar solutions together. Solution categories help customer support representatives find solutions faster when solving cases. If you use the Self-Service portal or the Public Knowledge Base, your customers can browse solutions by category to find what they need. See also Parent Category.",,
"SuperLuminate","Business","Glossary","SFDC","CategoryData (Table)",1,,"Represents a logical grouping of Solution records.",,
"SuperLuminate","Business","Glossary","SFDC","CategoryNode (Table)",1,,"Represents a tree of Solution categories.",,
"SuperLuminate","Business","Glossary","SFDC","Clone",1,,"Button or link that allows you to create a new item by copying the information from an existing item, for example, a contact or opportunity.",,
"SuperLuminate","Business","Glossary","SFDC","Close Date",1,,"Estimated date to close an opportunity. The close date determines the month for which that opportunity is added to your forecast.",,
"SuperLuminate","Business","Glossary","SFDC","Closed",1,,"Calculated amount of closed/won opportunities for a given quarter. Displays on forecast detail and edit pages. For managers, this amount includes closed/won opportunities for them and their entire team.",,
"SuperLuminate","Business","Glossary","SFDC","Collapsible Sections",1,,"Sections on detail pages that users can hide or show.",,
"SuperLuminate","Business","Glossary","SFDC","Commit Amount",1,,"Amount entered in a forecast that an individual salesperson is reasonably confident of closing in a particular month or quarter. For managers, this should equal the amount that they and their team can confidently close.",,
"SuperLuminate","Business","Glossary","SFDC","Company Message",1,,"Messages that appear on the home page of every user in your organization. Administrators can customize this information by clicking Setup | Customize | Home | Home Page Components.",,
"SuperLuminate","Business","Glossary","SFDC","Competitors",1,,"Related list that displays competitor names, strengths, and weaknesses entered for a specific opportunity.",,
"SuperLuminate","Business","Glossary","SFDC","Contact",1,,"Information stored about the individuals associated with your accounts.",,
"SuperLuminate","Business","Glossary","SFDC","Contact (Table)",1,,"Represents a contact, which is an individual associated with your Accounts.",,
"SuperLuminate","Business","Glossary","SFDC","Contact Role",1,,"Role that a contact plays in a specific account, contract, or opportunity, for example Decision Maker, Evaluator. You can mark one contact as the 'primary' contact for the account, contract, or opportunity. A contact may have different roles in various accounts, contract, or opportunities.",,
"SuperLuminate","Business","Glossary","SFDC","Contract",1,,"A written agreement defining the terms of doing business between two or more parties.",,
"SuperLuminate","Business","Glossary","SFDC","Contract (Table)",1,,"Represents a contract (a business agreement) associated with an Account.",,
"SuperLuminate","Business","Glossary","SFDC","ContractContactRole (Table)",1,,"Represents the role that a given Contact plays on a Contract.",,
"SuperLuminate","Business","Glossary","SFDC","ContractStatus (Table)",1,,"Represents the status of a Contract, such as Draft, In Approval, Activated, Terminated, or Expired.",,
"SuperLuminate","Business","Glossary","SFDC","Convert",1,,"Button or link that allows you to change a qualified lead into an account, contact, and, optionally, an opportunity. Information from the lead fields is transferred into the appropriate account, contact, and opportunity fields.",,
"SuperLuminate","Business","Glossary","SFDC","Cookies (security)",1,,"Client-specific data used by some web applications to store user and session-specific information. SalesForce issues a session 'cookie' only to record encrypted authentication information for the duration of a specific session.",,
"SuperLuminate","Business","Glossary","SFDC","Corporate Currency",1,,"(Multi-Currency Organizations Only) Reflects the currency in which the corporate headquarters reports revenue. All currency conversion rates are based on the corporate currency.",,
"SuperLuminate","Business","Glossary","SFDC","Currency Locale",1,,"The country or geographic region in which the organization is located. This field affects the format and display of currency amounts. Not shown in organizations that use multiple currencies.",,
"SuperLuminate","Business","Glossary","SFDC","CurrencyType (Table)",1,,"Represents the currencies used by an organization for which the multi-currency feature is enabled.",,
"SuperLuminate","Business","Glossary","SFDC","Custom Fields",1,,"Fields that can be added in addition to the standard fields to customize SalesForce for your organization's needs.",,
"SuperLuminate","Business","Glossary","SFDC","Custom Links",1,,"Custom URLs defined by administrators to integrate your SalesForce data with external websites and back-office systems. Formerly known as web links.",,
"SuperLuminate","Business","Glossary","SFDC","Custom Objects",1,,"Custom SalesForce records that allow you to store information unique to your organization. Available in Developer Edition organizations.",,
"SuperLuminate","Business","Glossary","SFDC","Custom S-Control",1,,"Custom web content for use in custom links. Custom s-controls can contain any type of content that you can display in a browser, for example a Java applet, an Active-X control, an Excel file, or a custom HTML web form.",,
"SuperLuminate","Business","Glossary","SFDC","Custom View",1,,"See View.",,
"SuperLuminate","Business","Glossary","SFDC","Customizable Forecasting",1,,"A revised forecasting module that allows organizations to customize forecasts for their organization's business process.",,
"SuperLuminate","Business","Glossary","SFDC","Dashboard",1,,"Dashboards are visual representations of your custom report data. You can create several dashboard components within a dashboard to give you a real-time snapshot of corporate metrics and key performance indicators.",,
"SuperLuminate","Business","Glossary","SFDC","Decimal Places",1,,"Parameter for number, currency, and percent custom fields that indicates the total number of digits you can enter to the right of a decimal point, for example, 4.98 for an entry of 2. Note that the system rounds the decimal numbers you enter, if necessary. For example, if you enter 4.986 in a field with Decimal Places of 2, the number rounds to 4.99.",,
"SuperLuminate","Business","Glossary","SFDC","Default Locale",1,,"The country or geographic region in which the organization is located. The setting affects the format of date and number fields. For example, dates in the English (United States) locale display as 06/30/2000 and as 30/06/2000 in the English (United Kingdom) locale. In Professional, Enterprise, and Developer Edition organizations, a user's individual Locale setting overrides the organization's Default Locale setting. In Personal and Team Edition organizations, the organization-level locale field is called Locale, not Default Locale.",,
"SuperLuminate","Business","Glossary","SFDC","Default Time Zone",1,,"Primary time zone in which the organization is located. Affects users' calendars and the times of activities. A user's individual Time Zone setting overrides the organization's Default Time Zone setting.",,
"SuperLuminate","Business","Glossary","SFDC","Description",1,,"Field that can be used to include any detailed information about the item.",,
"SuperLuminate","Business","Glossary","SFDC","Detail",1,,"Information displayed for specific accounts, contacts, opportunities, and other records. Also, term used in reports to distinguish between summary information and inclusion of all column data for all information in a report. You can toggle the Show Details/Hide Details button to view and hide report detail information.",,
"SuperLuminate","Business","Glossary","SFDC","Developer Edition",1,,"Product designed for developers to extend, integrate, and develop with the SalesForce platform. See Developer Edition for more information.",,
"SuperLuminate","Business","Glossary","SFDC","Document (Table)",1,,"Represents a file that a user has uploaded. Unlike Attachment objects, Documents are not attached to a parent object.",,
"SuperLuminate","Business","Glossary","SFDC","Document Library",1,,"A place to store documents without attaching them to accounts, contacts, opportunities, or other records.",,
"SuperLuminate","Business","Glossary","SFDC","Enterprise Edition",1,,"Product designed for larger, more complex businesses. See Enterprise Edition.",,
"SuperLuminate","Business","Glossary","SFDC","Event (Table)",1,,"Represents a calendar appointment event.",,
"SuperLuminate","Business","Glossary","SFDC","EventAttendee (Table)",1,,"Represents a person (User, Contact, or Lead) who has been invited to attend an Event, or a scheduled resource (such as a conference room) associated with the event.",,
"SuperLuminate","Business","Glossary","SFDC","Export to Excel",1,,"Option to save displayed report information to a separate CSV (comma separated values) file, which you can then view and manipulate in Excel.",,
"SuperLuminate","Business","Glossary","SFDC","Field-Level Security",1,,"Settings that determine whether fields are hidden, visible, read only, or editable for users based on their profiles. Available in Enterprise and Developer Editions only.",,
"SuperLuminate","Business","Glossary","SFDC","Fiscal Year",1,,"Field on the company information that specifies whether your organization's fiscal year is named for the starting or ending year.",,
"SuperLuminate","Business","Glossary","SFDC","Fiscal Year Start Month",1,,"Field on the company information that specifies the starting month of the organization's fiscal year.",,
"SuperLuminate","Business","Glossary","SFDC","Folder",1,,"A central place to store documents, email templates, and reports. Folders are available for all organizations. Report and document folders are not available in Personal Edition.",,
"SuperLuminate","Business","Glossary","SFDC","Folder (Table)",1,,"Represents a repository for a Document, MailMergeTemplate, email template, or report. Only one type of item can be contained in a particular Folder.",,
"SuperLuminate","Business","Glossary","SFDC","Forecast Amount",1,,"See Commit Amount.",,
"SuperLuminate","Business","Glossary","SFDC","Forecast Category",1,,"Determines the category to which an opportunity is attributed in a forecast. The default category setting for an opportunity is tied to its stage, as set in the Stage picklist. To update the Forecast Category for a particular opportunity, you must edit that opportunity's forecast.",,
"SuperLuminate","Business","Glossary","SFDC","Forecasts",1,,"Projections of sales revenue based on quarters in the organization's fiscal year.",,
"SuperLuminate","Business","Glossary","SFDC","Formula Field",1,,"A type of custom field. Formula fields automatically calculate their values based on the values of merge fields, expressions, or other values.",,
"SuperLuminate","Business","Glossary","SFDC","Function",1,,"Built-in formulas that you can customize with input parameters. For example, the DATE function creates a date field type from a given year, month, and day.",,
"SuperLuminate","Business","Glossary","SFDC","Group (Table)",1,,"Represents a set of User.",,
"SuperLuminate","Business","Glossary","SFDC","Group events",1,,"Planned event to which multiple users are invited. You can create group events by inviting other users to any calendar event you create.",,
"SuperLuminate","Business","Glossary","SFDC","GroupMember (Table)",1,,"Represents a User or Group that is a member of a public group.",,
"SuperLuminate","Business","Glossary","SFDC","Groups",1,,"Groups are sets of users. They can contain individual users, other groups, or the users in a role. Groups can be used to help define sharing access to data or to specify which data to synchronize when using Intellisync for salesforce.com. Users can define their own personal groups. Administrators can create public groups for use by everyone in the organization.",,
"SuperLuminate","Business","Glossary","SFDC","Home",1,,"Starting page from which users can choose sidebar shortcuts and options, view current tasks and activities, or select each of the major tabs.",,
"SuperLuminate","Business","Glossary","SFDC","HTML",1,,"Hypertext Markup Language is the set of markup tags within a text file that tells a browser how to display the contents of the file.",,
"SuperLuminate","Business","Glossary","SFDC","Import",1,,"Option available to import existing information from other sales manager and desktop program tools. ",,
"SuperLuminate","Business","Glossary","SFDC","Inactive Currency",1,,"(Multi-Currency Organizations Only) Currencies that the organization no longer uses. You may have existing records that use inactive currencies, but you cannot enter new amounts in inactive currencies.",,
"SuperLuminate","Business","Glossary","SFDC","Intellisync for salesforce.com",1,,"Software you install on your computer that allows you to synchronize your SalesForce data with Outlook or your PalmTM device.",,
"SuperLuminate","Business","Glossary","SFDC","Interval (Reports)",1,,"For report results based on time, a parameter that lets you specify the time period for which you want to display results.",,
"SuperLuminate","Business","Glossary","SFDC","ISO Code",1,,"The International Organization for Standardization country code, which represents each country by two letters.",,
"SuperLuminate","Business","Glossary","SFDC","Layout",1,,"See Page Layout.",,
"SuperLuminate","Business","Glossary","SFDC","Lead",1,,"Information on a potential sales opportunity or prospect; individuals who have expressed some interest in your product or company.",,
"SuperLuminate","Business","Glossary","SFDC","Lead (Table)",1,,"Represents a lead, which is a prospect or potential Opportunity.",,
"SuperLuminate","Business","Glossary","SFDC","Lead Capture (Web-to-Lead)",1,,"Functionality that lets you gather registration or profile information on your company's website and then generate leads using that data.",,
"SuperLuminate","Business","Glossary","SFDC","LeadStatus (Table)",1,,"Represents the status of a Lead, such as Open, Qualified, or Converted.",,
"SuperLuminate","Business","Glossary","SFDC","Length",1,,"Parameter for custom text fields that specifies the maximum number of characters (up to 255) that a user can enter in the field. Parameter for number, currency, and percent fields that specifies the number of digits you can enter to the left of the decimal point, for example, 123.98 for an entry of 3.",,
"SuperLuminate","Business","Glossary","SFDC","Letterhead",1,,"Determines the basic attributes of an HTML email template. Users can create a letterhead that includes attributes like background color, logo, font size, and font color. ",,
"SuperLuminate","Business","Glossary","SFDC","Licenses",1,,"Information displayed in company information that indicates the number of users that may access SalesForce for your organization. This is the number of licenses for which you are billed.",,
"SuperLuminate","Business","Glossary","SFDC","List Price",1,,"The price of a product in a custom price book.",,
"SuperLuminate","Business","Glossary","SFDC","List View",1,,"See View.",,
"SuperLuminate","Business","Glossary","SFDC","Local Name",1,,"The value stored for the field in the user's or account's language. The local name for a field is associated with the standard name for that field.",,
"SuperLuminate","Business","Glossary","SFDC","Locale",1,,"The country or geographic region in which the user is located. The setting affects the format of date and number fields, for example, dates in the English (United States) locale display as 06/30/2000 and as 30/06/2000 in the English (United Kingdom) locale. In Professional, Enterprise, and Developer Edition organizations, a user's individual Locale setting overrides the organization's Default Locale setting. In Personal and Team Edition organizations, the organization-level locale field is called Locale, not Default Locale.",,
"SuperLuminate","Business","Glossary","SFDC","Long Text Area",1,,"Data type of custom field that allows entry of up to 32,000 characters on separate lines.",,
"SuperLuminate","Business","Glossary","SFDC","Lookup",1,,"Popup dialog available for some fields that allows you to search for a new item, such as a contact, account, or user. See Search for information on which fields you can search via the lookup dialog. In addition, if the Quick Create section is enabled for all tab home pages (see Customizing Quick Create), you can create new records in the lookup dialog.",,
"SuperLuminate","Business","Glossary","SFDC","MailMergeTemplate (Table)",1,,"Represents a mail merge template (a Microsoft Word document) used for performing mail merges for your organization.",,
"SuperLuminate","Business","Glossary","SFDC","Marketing User",1,,"One or more individuals in your organization who can manage campaigns. Administrators can designate someone as a Marketing User by selecting the Marketing User checkbox in the user's personal information. Only Marketing Users have access to create, edit, and delete campaigns and configure advanced campaign setup. In order to use the campaign import wizards, Marketing Users must also have the Marketing User profile (or the 'Import Leads' permission).",,
"SuperLuminate","Business","Glossary","SFDC","Master Picklist",1,,"A complete list of picklist values available for a record type or business process.",,
"SuperLuminate","Business","Glossary","SFDC","Member Status",1,,"The status of a lead or contact in relation to a campaign. For example, a lead or contact could have a member status of 'Planned,' 'Sent,' or 'Responded' at different stages of an email campaign.",,
"SuperLuminate","Business","Glossary","SFDC","Multiforce",1,,"Multiforce is the on-demand multitasking environment offered by salesforce.com. It enables users to switch between customizable applications (or 'apps') with a single click, through the Multiforce app menu which displays at the top of every page. See What is a Custom App?.",,
"SuperLuminate","Business","Glossary","SFDC","Next Step",1,,"Field in opportunity detail that lists the next step in completing or closing a specific opportunity.",,
"SuperLuminate","Business","Glossary","SFDC","Note (Table)",1,,"Represents a note, which is text associated with an Attachment, Contact, Contract, Opportunity, or custom object.",,
"SuperLuminate","Business","Glossary","SFDC","Notes",1,,"Miscellaneous information pertaining to specific accounts, contacts, leads, and opportunities.",,
"SuperLuminate","Business","Glossary","SFDC","Office Edition",1,,"Product that allows you to integrate SalesForce with Microsoft® Word and Excel. See What is Office Edition?.",,
"SuperLuminate","Business","Glossary","SFDC","Offline Edition",1,,"Product that allows salespeople to work on their key deals and accounts, anywhere, anytime - totally unplugged. See What is Offline Edition?.",,
"SuperLuminate","Business","Glossary","SFDC","Offline PDA Edition",1,,"Product that allows salespeople to work on their key deals and accounts from a Pocket PC or Palm OS mobile device. See What is Offline PDA Edition?.",,
"SuperLuminate","Business","Glossary","SFDC","On-Demand Marketplace",1,,"Area of Customforce that provides links to partners who provide products, services, and tools that extend your organization's implementation of SalesForce.",,
"SuperLuminate","Business","Glossary","SFDC","Opportunities",1,,"Information on specific sales and pending deals that you want to track.",,
"SuperLuminate","Business","Glossary","SFDC","Opportunity (Table)",1,,"Represents an opportunity, which is a sale or pending deal.",,
"SuperLuminate","Business","Glossary","SFDC","Opportunity Stage",1,,"Status or stage of completion of a particular opportunity, for example, Prospecting, Proposal.",,
"SuperLuminate","Business","Glossary","SFDC","OpportunityCompetitor (Table)",1,,"Represents a competitor on an Opportunity.",,
"SuperLuminate","Business","Glossary","SFDC","OpportunityContactRole (Table)",1,,"Represents the association between an Opportunity and a Contact, with a specified Role name applied to the contact.",,
"SuperLuminate","Business","Glossary","SFDC","OpportunityHistory (Table)",1,,"Represents the history of an Opportunity.",,
"SuperLuminate","Business","Glossary","SFDC","OpportunityLineItem (Table)",1,,"Represents an opportunity line item, which is a member of the list of Product2s associated with an Opportunity, along with other information about those products on that opportunity.",,
"SuperLuminate","Business","Glossary","SFDC","OpportunityLineItemSchedule (Table)",1,,"Represents information about the quantity, revenue distribution, and delivery dates for a particular OpportunityLineItem.",,
"SuperLuminate","Business","Glossary","SFDC","OpportunityShare (Table)",1,,"Represents a sharing entry on an Opportunity.",,
"SuperLuminate","Business","Glossary","SFDC","OpportunityStage (Table)",1,,"Represents the stage of an Opportunity in the sales pipeline, such as New Lead, Negotiating, Pending, Closed, and so on.",,
"SuperLuminate","Business","Glossary","SFDC","OpportunityTeamMember (Table)",1,,"Represents an individual User on the sales team of a particular Opportunity.",,
"SuperLuminate","Business","Glossary","SFDC","Org Drill Down (Reports)",1,,"Ability to show a roll-up of results in a report based on your organization's role hierarchy. For instance, you can view report results for yourself only, for your team, or for your entire organization.",,
"SuperLuminate","Business","Glossary","SFDC","Organization",1,,"Company signed up to use the service. ",,
"SuperLuminate","Business","Glossary","SFDC","Outlook Edition",1,,"Outlook Edition enables you to log your Microsoft® Outlook® email messages in SalesForce.",,
"SuperLuminate","Business","Glossary","SFDC","Owner",1,,"Individual user to which an item (for example, contact, case) is assigned.",,
"SuperLuminate","Business","Glossary","SFDC","Ownership",1,,"Account field that describes whether the associated company is a subsidiary, or is a private or publicly held company. ",,
"SuperLuminate","Business","Glossary","SFDC","Page Layout",1,,"The organization of fields, custom links, and related lists on a record detail or edit page. Use page layouts primarily for organizing pages for your users. In Enterprise and Developer Editions, use field-level security to restrict users' access to specific fields.",,
"SuperLuminate","Business","Glossary","SFDC","Parent Account",1,,"Organization or company that an account is affiliated with or owned by. By specifying a parent for an account, you can get a global view of all parent/subsidiary relationships using the View Hierarchy link.",,
"SuperLuminate","Business","Glossary","SFDC","Parent Category",1,,"The category directly above the category to which a solution belongs. See Category for more information.",,
"SuperLuminate","Business","Glossary","SFDC","Partner",1,,"Account linked to another account or opportunity to indicate their role in the account, or in advancing or closing a deal. Selecting a partner automatically creates a reverse partner relationship with the associated account so that both accounts list the other account as a partner.",,
"SuperLuminate","Business","Glossary","SFDC","Partner (Table)",1,,"Represents the association between two particular Accounts or between a particular Opportunity and an Account.",,
"SuperLuminate","Business","Glossary","SFDC","Partner Role",1,,"Selection for a partner on an individual account or opportunity that specifies the role that the partner has in related sales.",,
"SuperLuminate","Business","Glossary","SFDC","PartnerRole (Table)",1,,"Represents a role for an account Partner, such as consultant, supplier, and so on.",,
"SuperLuminate","Business","Glossary","SFDC","Percent (%) Quota",1,,"Calculated value in forecasts that indicates what percentage of the quota a salesperson is confident of closing. This amount is the Commit Amount divided by the Quota.",,
"SuperLuminate","Business","Glossary","SFDC","Personal Currency",1,,"(Multi-Currency Organizations Only) A user's default currency for quotas, forecasts, and reports. This must be one of the active currencies for your organization.",,
"SuperLuminate","Business","Glossary","SFDC","Personal Edition",1,,"Product designed for individual sales representatives and single users. See Personal Edition for more information.",,
"SuperLuminate","Business","Glossary","SFDC","Personal Information",1,,"User information including personal contact information, quotas, personal group information, and default sales team.",,
"SuperLuminate","Business","Glossary","SFDC","Picklist",1,,"Selection list of options available for specific fields, for example, the Industry field for accounts. Users can choose a single value from a list of options rather than make an entry directly in the field. See also Master Picklist.",,
"SuperLuminate","Business","Glossary","SFDC","Picklist (Multi-Select)",1,,"Selection list of options available for specific fields. Multi-select picklists allow users to choose one or more values. Users can choose a value by double clicking on it, or choose additional values from a scrolling list by holding down the Control key while clicking a value and using the arrow icon to move them to the selected box.",,
"SuperLuminate","Business","Glossary","SFDC","Picklist Values",1,,"Selections displayed in drop-down lists for particular fields. Some values come predefined, and other values can be changed or defined by an administrator.",,
"SuperLuminate","Business","Glossary","SFDC","Pipeline",1,,"Calculated amount of open opportunities that have a close date within the quarter. Displays on forecast detail and edit pages. For managers, this amount includes open opportunities for them and their entire team.",,
"SuperLuminate","Business","Glossary","SFDC","Price Book",1,,"A list of products that your organization sells. Available in Professional, Enterprise and Developer Editions only.",,
"SuperLuminate","Business","Glossary","SFDC","Pricebook (Table)",1,,"Represents a price book that contains the list of Products that your organization sells.",,
"SuperLuminate","Business","Glossary","SFDC","Pricebook2 (Table)",1,,"Represents a price book that contains the list of Product2s that your organization sells.",,
"SuperLuminate","Business","Glossary","SFDC","PricebookEntry (Table)",1,,"Represents a product entry (an association between a Pricebook2 and Product2) in a pricebook.",,
"SuperLuminate","Business","Glossary","SFDC","Primary Contact",1,,"Field in company information that lists the primary contact for your organization. Also indicates the primary contact associated with an account, contract, or opportunity. Specified as a checkbox in the Contact Roles related list of an account, contract, or opportunity.",,
"SuperLuminate","Business","Glossary","SFDC","Primary Partner",1,,"Partner account designated as playing a key role in closing an opportunity. Specified as a checkbox in the Partners related list of an opportunity.",,
"SuperLuminate","Business","Glossary","SFDC","Printable View",1,,"Option on most detail pages that shows a print-ready view of that record and all associated data. Also an option on reports that shows the report in a print-ready Excel format.",,
"SuperLuminate","Business","Glossary","SFDC","Private",1,,"Checkbox for individual opportunities, notes, or attachments which specifies that only the record owner and administrators can view the information.",,
"SuperLuminate","Business","Glossary","SFDC","Probability",1,,"Percentage estimate of the confidence in closing a specific opportunity. Probability is linked to opportunity Stage.",,
"SuperLuminate","Business","Glossary","SFDC","Product",1,,"Any item or service your organization sells. Products are defined within a price book, and can be added to opportunities. Available in Professional, Enterprise and Developer Editions only.",,
"SuperLuminate","Business","Glossary","SFDC","Product (Table)",1,,"Represents a product that your organization sells. A product is member of the list of items in a Pricebook.",,
"SuperLuminate","Business","Glossary","SFDC","Product Family",1,,"A picklist field on products that you can customize to categorize types of products.",,
"SuperLuminate","Business","Glossary","SFDC","Product2 (Table)",1,,"Represents a product that your organization sells. A product is member of the list of items in a Pricebook2.",,
"SuperLuminate","Business","Glossary","SFDC","Professional Edition",1,,"Product designed for businesses who need full-featured CRM functionality. See Professional Edition.",,
"SuperLuminate","Business","Glossary","SFDC","Profile",1,,"Defines a user's permission to perform different functions within SalesForce. For example, the Solution Manager profile gives a user access to create, edit, and delete solutions.",,
"SuperLuminate","Business","Glossary","SFDC","Profile (Table)",1,,"Represents a profile, which defines a set of permissions to perform different operations, such as querying, adding, updating, or deleting information.",,
"SuperLuminate","Business","Glossary","SFDC","Public Calendar",1,,"A calendar in which a group of people can track events of interest to all of them (such as marketing events, product releases, or training classes) or schedule a common activity (such as a team vacation calendar). For example, your marketing team can set up an events calendar to show upcoming marketing events to the entire sales and marketing organization.",,
"SuperLuminate","Business","Glossary","SFDC","Published",1,,"Checkbox on a solution that indicates the solution has been published to your organization's Self-Service portal. ",,
"SuperLuminate","Business","Glossary","SFDC","Quantity Schedule",1,,"Outlines the dates, number of units (i.e., quantity), and number of installments for billing or shipping a product. Your organization can decide exactly how to use schedules. Available in Enterprise and Developer Editions only.",,
"SuperLuminate","Business","Glossary","SFDC","Queue",1,,"A holding area where you can put cases or leads to help you manage your workload or differentiate between levels of support.",,
"SuperLuminate","Business","Glossary","SFDC","Quota",1,,"The revenue goal assigned to a user on a monthly and quarterly basis. A manager's quota should equal the amount she and her team are expected to generate together.",,
"SuperLuminate","Business","Glossary","SFDC","Read Only",1,,"One of the standard profiles to which a user can be assigned. Read Only users can view and report on information based on their role in the organization. (That is, if the Read Only user is the CEO, they can view all data in the system. If the Read Only user has the role of Western Rep, they can view all data for their role and any role below them in the hierarchy.)",,
"SuperLuminate","Business","Glossary","SFDC","Recent Items",1,,"List of links in home page sidebar for most recently accessed accounts, campaigns, contacts, leads, opportunities, and cases.",,
"SuperLuminate","Business","Glossary","SFDC","Record",1,,"Term used to describe information stored in the database. Corresponds to the entry of a particular item, for example, an account, opportunity, or case.",,
"SuperLuminate","Business","Glossary","SFDC","Record Type",1,,"A field available for certain records that can include some or all of the standard and custom picklist values for that record. Record types are special fields that you can associate with profiles to make only the included picklist values available to users with that profile.",,
"SuperLuminate","Business","Glossary","SFDC","RecordType (Table)",1,,"Represents a record type.",,
"SuperLuminate","Business","Glossary","SFDC","Recycle Bin",1,,"Page that lets you view and restore deleted information. Available as a link in the task bar below the tabs.",,
"SuperLuminate","Business","Glossary","SFDC","Related List",1,,"Section of a record or other detail page that lists items related to that record. For example, the Stage History related list of an opportunity or the Open Activities related list of a case.",,
"SuperLuminate","Business","Glossary","SFDC","Relationship",1,,"A connection between two data-storage objects, used to create related lists in page layouts and detail levels in reports. Matching values in a specified field in both objects are used to link related data; for example, if one object stores data about companies and another object stores data about people, a relationship would allow you to find out which people work at the company.",,
"SuperLuminate","Business","Glossary","SFDC","Report",1,,"Information you can display or print that provides a summary of your data.",,
"SuperLuminate","Business","Glossary","SFDC","Report Display Name",1,,"Short, descriptive label for a user role that may be included in reports and other detail listings.",,
"SuperLuminate","Business","Glossary","SFDC","Report Name",1,,"Name you can assign to a custom report when you save it.",,
"SuperLuminate","Business","Glossary","SFDC","Report Question",1,,"Description of custom report that appears in the list of available custom reports.",,
"SuperLuminate","Business","Glossary","SFDC","Reports To",1,,"Field in user role information that indicates the position they report to within an organization, for example, the California Sales Rep might report to a VP of Western Sales. Also, a contact field that refers to the contact's manager or supervisor. ",,
"SuperLuminate","Business","Glossary","SFDC","Resource Calendar",1,,"A calendar in which multiple people can coordinate their usage of a shared resource such as a conference room or printer.",,
"SuperLuminate","Business","Glossary","SFDC","Resource Center",1,,"See On-Demand Marketplace.",,
"SuperLuminate","Business","Glossary","SFDC","Revenue Schedule",1,,"Outlines the dates, revenue amounts, and number of installments for billing or recognizing revenue from a product. Your organization can decide exactly how to use schedules. Available in Enterprise and Developer Editions only.",,
"SuperLuminate","Business","Glossary","SFDC","Role",1,,"Assigned responsibility of a user, partner account, or contact for specific accounts and opportunities. Administrators can define user roles in the organization setup. Individual users can assign specific partner and contact roles for accounts and contacts.",,
"SuperLuminate","Business","Glossary","SFDC","Sales Price",1,,"The price of a product on an opportunity. This can be different than the product's standard or list price.",,
"SuperLuminate","Business","Glossary","SFDC","Sales Team",1,,"A sales team is a set of users that normally work together on sales opportunities. A typical sales team might include the account manager, the sales representative, and a pre-sales consultant. You can specify the sales team for each opportunity that you own.",,
"SuperLuminate","Business","Glossary","SFDC","Save",1,,"Button or link on most pages that you can click to save changes. Also, an option on reports that saves parameter changes to one of your own custom reports or a public report (administrators only).",,
"SuperLuminate","Business","Glossary","SFDC","Save & New",1,,"Alternative 'save' on most pages with which you can save your current changes and create a new entry.",,
"SuperLuminate","Business","Glossary","SFDC","Save As",1,,"Option on any standard, public, or custom report to save the parameters of the report without altering the original report. It creates a new custom report with your saved changes.",,
"SuperLuminate","Business","Glossary","SFDC","Schedule",1,,"See Quantity Schedule and Revenue Schedule.",,
"SuperLuminate","Business","Glossary","SFDC","Scontrol (Table)",1,,"Represents a custom s-control, which is custom content that is hosted by the server but executed by client applications.",,
"SuperLuminate","Business","Glossary","SFDC","Search",1,,"Feature that lets you can search for information that matches specified keywords. You can enter a search from the Search section of the sidebar column, or perform an advanced search by clicking Advanced Search in the sidebar.",,
"SuperLuminate","Business","Glossary","SFDC","Search Condition/Criteria",1,,"Condition on particular fields that qualifies items to be included in a view or report, for example, 'State equals California.' ",,
"SuperLuminate","Business","Glossary","SFDC","Search Layout",1,,"The organization of fields included in search results, in lookup dialogs, and in the key lists on tab home pages.",,
"SuperLuminate","Business","Glossary","SFDC","Self-Service",1,,"A web portal feature that allows your customers to search your organization's knowledge base to find answers to their questions and to submit new cases to your customer support team.",,
"SuperLuminate","Business","Glossary","SFDC","SelfServiceUser (Table)",1,,"Represents a Self-Service user.",,
"SuperLuminate","Business","Glossary","SFDC","Sforce Control",1,,"See Custom S-Control.",,
"SuperLuminate","Business","Glossary","SFDC","Sharing",1,,"Allowing other users to view or edit information you own. There are different ways to share data: Sharing Model - defines the default organization-wide access levels that users have to each other's information. Role Hierarchy - defines different levels of users such that users at higher levels can view and edit information owned by or shared with users beneath them in the role hierarchy, regardless of the organization-wide sharing model settings. See Notes on the Sharing Model for specific exceptions to this. Sharing Rules - allow an administrator to specify that all information created by users within a given group or role is automatically shared to the members of another group or role. Manual Sharing - allows individual users to share a specific account or opportunity with other users or groups. ",,
"SuperLuminate","Business","Glossary","SFDC","Sharing Groups",1,,"See Groups.",,
"SuperLuminate","Business","Glossary","SFDC","Sharing Model",1,,"Behavior defined by your administrator that determines default access by users to accounts, contacts, leads, and opportunities.",,
"SuperLuminate","Business","Glossary","SFDC","Sharing Rule",1,,"Type of default sharing created by administrators. Allows users in a specified group or role to have access to all information created by users within a given group or role. Sharing rules were previously called Autoshare Rules.",,
"SuperLuminate","Business","Glossary","SFDC","Show/Hide Details",1,,"Option available for reports that lets you show/hide the details of individual column values in report results.",,
"SuperLuminate","Business","Glossary","SFDC","Sidebar",1,,"Column appearing on the left side of each page that provides links to search, recent items, and other resources.",,
"SuperLuminate","Business","Glossary","SFDC","Solution",1,,"Detailed description of the resolution to a customer issue.",,
"SuperLuminate","Business","Glossary","SFDC","Solution (Table)",1,,"Represents a solution, which is a detailed description of a customer issue and the resolution of that issue.",,
"SuperLuminate","Business","Glossary","SFDC","Solution Manager",1,,"One or more individuals in your organization who can review, edit, publish, and delete solutions. Typically, these individuals are product experts with excellent written communication skills and advanced knowledge in a particular area of your product. When creating or editing users, assign the Solution Manager profile to give users this privilege.",,
"SuperLuminate","Business","Glossary","SFDC","SolutionStatus (Table)",1,,"Represents the status of a Solution, such as Draft, Reviewed, and so on.",,
"SuperLuminate","Business","Glossary","SFDC","Stage",1,,"See Opportunity Stage.",,
"SuperLuminate","Business","Glossary","SFDC","Stage Duration",1,,"In opportunity reports, the number of days the opportunity was in the stage listed in the Stage column.",,
"SuperLuminate","Business","Glossary","SFDC","Stage History",1,,"Related list on an opportunity detail page that lists changes in status and stage for the opportunity. ",,
"SuperLuminate","Business","Glossary","SFDC","Standard Price",1,,"Price for a product that is included in the Standard Price Book.",,
"SuperLuminate","Business","Glossary","SFDC","Standard Price Book",1,,"Automatically generated price book containing all your products and their standard prices.",,
"SuperLuminate","Business","Glossary","SFDC","Status",1,,"Field in activity or case detail that indicates progress or status.",,
"SuperLuminate","Business","Glossary","SFDC","Sync Profile",1,,"Your personal settings that define what records are included when you synchronize. See Setting Your Sync Profile for instructions on setting your sync profile.",,
"SuperLuminate","Business","Glossary","SFDC","Synchronize",1,,"Transfer and merge your data with Outlook or your Palm device so that you can access critical information when you are not connected to the Internet.",,
"SuperLuminate","Business","Glossary","SFDC","Task (Table)",1,,"Represents a task.",,
"SuperLuminate","Business","Glossary","SFDC","Task bar links",1,,"Links on tabbed pages that provide quick access to the most common operations available for a particular page, for example, creating a new account. ",,
"SuperLuminate","Business","Glossary","SFDC","TaskPriority (Table)",1,,"Represents the priority (importance) of a Task, such as High, Normal, or Low.",,
"SuperLuminate","Business","Glossary","SFDC","Tasks",1,,"See Activity (Calendar Events/Tasks).",,
"SuperLuminate","Business","Glossary","SFDC","TaskStatus (Table)",1,,"Represents the status of a Task, such as Not started, Completed, or Closed.",,
"SuperLuminate","Business","Glossary","SFDC","Team EditionTM",1,,"Product designed for small businesses and workgroups of up to five users. See Team Edition.",,
"SuperLuminate","Business","Glossary","SFDC","Text",1,,"Data type of custom field that allows entry of any combination of letters, numbers, or symbols, up to a maximum length of 255 characters.",,
"SuperLuminate","Business","Glossary","SFDC","Text Area",1,,"Data type of custom field that allows entry of up to 255 characters on separate lines.",,
"SuperLuminate","Business","Glossary","SFDC","Text Area (Long)",1,,"See Long Text Area.",,
"SuperLuminate","Business","Glossary","SFDC","Time Zone",1,,"Primary time zone in which the user works. Used to coordinate a user's calendar, especially in organizations where users are working in different time zones. A user's individual Time Zone setting overrides the organization's Default Time Zone setting.",,
"SuperLuminate","Business","Glossary","SFDC","Translation Workbench",1,,"Administration setup area where your users can translate custom field names, picklist values, record types, and page layout sections. The translation workbench also determines which users translate different languages.",,
"SuperLuminate","Business","Glossary","SFDC","Twisties",1,,"See Collapsible Sections.",,
"SuperLuminate","Business","Glossary","SFDC","Type",1,,"Categorization of the type of an account or opportunity, for example, analyst, competitor, or partner for accounts and new or existing business for opportunities. ",,
"SuperLuminate","Business","Glossary","SFDC","Useful Links",1,,"See Web Links.",,
"SuperLuminate","Business","Glossary","SFDC","User (Table)",1,,"Represents a user in your organization.",,
"SuperLuminate","Business","Glossary","SFDC","UserRole (Table)",1,,"Represents a role in your organization.",,
"SuperLuminate","Business","Glossary","SFDC","UserTeamMember (Table)",1,,"Represents a single User on the default sales team of another user.",,
"SuperLuminate","Business","Glossary","SFDC","View",1,,"A list display of items (for example, accounts or contacts) based on specific criteria. SalesForce provides some predefined views, and you can create your own custom views, too.",,
"SuperLuminate","Business","Glossary","SFDC","Visibility",1,,"Attribute of views that determines who in your organization can see and select a view.",,
"SuperLuminate","Business","Glossary","SFDC","Web Integration Links",1,,"See Custom Links.",,
"SuperLuminate","Business","Glossary","SFDC","Web Links",1,,"See Custom Links.",,
"SuperLuminate","Business","Glossary","SFDC","WebLink (Table)",1,,"Represents a web link to an URL or Scontrol.",,
"SuperLuminate","Business","Glossary","SFDC","Web-to-Case Response Rules",1,,"A set of conditions based on any attribute of the case that determines the email template to use when responding to cases captured online.",,
"SuperLuminate","Business","Glossary","SFDC","Web-to-Lead Response Rules",1,,"A set of conditions based on any attribute of the lead that determines the email template to use when responding to leads captured online.",,
"SuperLuminate","Business","Glossary","SFDC","Welcome Message",1,,"See Company Message.",,
"SuperLuminate","Business","Glossary","SFDC","Workflow Alert",1,,"An email template and recipient that a workflow rule uses when sending email alerts.",,
"SuperLuminate","Business","Glossary","SFDC","Workflow Rule",1,,"A set of conditions that, when met, assign tasks or send alerts in the form of email notifications.",,
"SuperLuminate","Business","Glossary","SFDC","Workflow Task",1,,"A task template that determines the details of a task that will be automatically assigned by a workflow rule.",,
